<configs>
<append xpath="/items">

<!-- Motorcycles -->
	
<item name="vehicleHellBeastPlaceable"> <!-- Snufkin -->
	<property name="Extends" value="vehicleMinibikePlaceable"/>
	<property name="Tags" value="vehicle,vengine,vfuel,vlight,vseat,canHaveCosmetic"/>
	<property name="CustomIcon" value="vehicleMotorcyclePlaceable"/>
	<property name="CustomIconTint" value="255,0,0"/>	
	<property name="Meshfile" value="#Entities/Vehicles?motorcycle_Prefab.prefab"/>
	<property name="EconomicValue" value="10000"/>
	<property class="Action1">
		<property name="Vehicle" value="vehicleHellBeast"/>
		<property name="VehicleSize" value="1.3, 1.9, 3"/>
	</property>
	<effect_group name="vehicleMotorcyclePlaceable" tiered="false">
		<passive_effect name="ModSlots" operation="base_set" value="4"/>
		<passive_effect name="ModPowerBonus" operation="base_add" value="300" tags="EconomicValue"/>
		<passive_effect name="DegradationMax" operation="base_set" value="7500"/>
	</effect_group>
</item>

<item name="vehicleHellFirePlaceable"> <!-- Oakraven -->
	<property name="Extends" value="vehicleMinibikePlaceable"/>
	<property name="Tags" value="vehicle,vengine,vfuel,vlight,vseat,canHaveCosmetic"/>
	<property name="CustomIcon" value="vehicleMotorcyclePlaceable"/>
	<property name="CustomIconTint" value="255,180,0"/>	
	<property name="Meshfile" value="#Entities/Vehicles?motorcycle_Prefab.prefab"/>
	<property name="EconomicValue" value="10000"/>
	<property class="Action1">
		<property name="Vehicle" value="vehicleHellFire"/>
		<property name="VehicleSize" value="1.3, 1.9, 3"/>
	</property>
	<effect_group name="vehicleMotorcyclePlaceable" tiered="false">
		<passive_effect name="ModSlots" operation="base_set" value="4"/>
		<passive_effect name="ModPowerBonus" operation="base_add" value="300" tags="EconomicValue"/>
		<passive_effect name="DegradationMax" operation="base_set" value="7500"/>
	</effect_group>
</item>

<item name="vehicleHellDogPlaceable"> <!-- Oakraven -->
	<property name="Extends" value="vehicleMinibikePlaceable"/>
	<property name="Tags" value="vehicle,vengine,vfuel,vlight,vseat,canHaveCosmetic"/>
	<property name="CustomIcon" value="vehicleMotorcyclePlaceable"/>
	<property name="CustomIconTint" value="120,90,0"/>	
	<property name="Meshfile" value="#Entities/Vehicles?motorcycle_Prefab.prefab"/>
	<property name="EconomicValue" value="10000"/>
	<property class="Action1">
		<property name="Vehicle" value="vehicleHellDog"/>
		<property name="VehicleSize" value="1.3, 1.9, 3"/>
	</property>
	<effect_group name="vehicleMotorcyclePlaceable" tiered="false">
		<passive_effect name="ModSlots" operation="base_set" value="4"/>
		<passive_effect name="ModPowerBonus" operation="base_add" value="300" tags="EconomicValue"/>
		<passive_effect name="DegradationMax" operation="base_set" value="7500"/>
	</effect_group>
</item>

<item name="vehicleSpiderPlaceable">
	<property name="Extends" value="vehicleMinibikePlaceable"/> <!-- arramus -->
	<property name="Tags" value="vehicle,vengine,vfuel,vlight,vseat,canHaveCosmetic"/>
	<property name="CustomIcon" value="vehicleMinibikePlaceable"/>
	<property name="CustomIconTint" value="100,100,100"/>
	<property name="Meshfile" value="#Entities/Vehicles?minibike_Prefab.prefab"/>
	<property name="EconomicValue" value="6000"/>
	<property name="SellableToTrader" value="false"/>
	<property name="Group" value="Science"/>
	<property class="Action1">
		<property name="Class" value="SpawnVehicle"/>
		<property name="Vehicle" value="vehicleSpider"/>
	</property>
	<effect_group name="vehicleMinibikePlaceable" tiered="false">
		<passive_effect name="ModSlots" operation="base_set" value="3"/>
		<passive_effect name="ModPowerBonus" operation="base_add" value="300" tags="EconomicValue"/>
		<passive_effect name="DegradationMax" operation="base_set" value="3000"/>
	</effect_group>
</item>

<!-- Cars, Jeeps, Trucks, and Buses -->

<item name="vehicleHellHound4x4Placeable"> <!-- Oakraven -->
	<property name="Extends" value="vehicleMinibikePlaceable"/>
	<property name="Tags" value="vehicle,vengine,vfuel,vlight,vseat,canHaveCosmetic"/>
	<property name="CustomIcon" value="vehicle4x4TruckPlaceable"/>
	<property name="CustomIconTint" value="120,90,0"/>	
	<property name="Meshfile" value="#Entities/Vehicles?jeep_Prefab.prefab"/>
	<property name="EconomicValue" value="30000"/>
	<property class="Action1">
		<property name="Vehicle" value="vehicleHellHound4x4"/>
		<property name="VehicleSize" value="2.5, 2.1, 5"/>
	</property>
	<effect_group name="vehicle4x4TruckPlaceable" tiered="false">
		<passive_effect name="ModSlots" operation="base_set" value="5"/>
		<passive_effect name="ModPowerBonus" operation="base_add" value="300" tags="EconomicValue"/>
		<passive_effect name="DegradationMax" operation="base_set" value="7500"/>
	</effect_group>
</item>

<item name="vehicleHellSpikey4x4Placeable"> <!-- Oakraven -->
	<property name="Extends" value="vehicleMinibikePlaceable"/>
	<property name="Tags" value="vehicle,vengine,vfuel,vlight,vseat,canHaveCosmetic"/>
	<property name="CustomIcon" value="vehicle4x4TruckPlaceable"/>
	<property name="CustomIconTint" value="255,0,0"/>	
	<property name="Meshfile" value="#Entities/Vehicles?jeep_Prefab.prefab"/>
	<property name="EconomicValue" value="30000"/>
	<property class="Action1">
		<property name="Vehicle" value="vehicleHellSpikey4x4"/>
		<property name="VehicleSize" value="2.5, 2.1, 5"/>
	</property>
	<effect_group name="vehicle4x4TruckPlaceable" tiered="false">
		<passive_effect name="ModSlots" operation="base_set" value="5"/>
		<passive_effect name="ModPowerBonus" operation="base_add" value="300" tags="EconomicValue"/>
		<passive_effect name="DegradationMax" operation="base_set" value="7500"/>
	</effect_group>
</item>

<item name="vehicleHellCarPlaceable"> <!-- Oakraven -->
	<property name="Extends" value="vehicleMinibikePlaceable"/>
	<property name="Tags" value="vehicle,vengine,vfuel,vlight,vseat,canHaveCosmetic"/>
	<property name="CustomIcon" value="vehicle4x4TruckPlaceable"/>
	<property name="CustomIconTint" value="255,0,0"/>	
	<property name="Meshfile" value="#Entities/Vehicles?jeep_Prefab.prefab"/>
	<property name="EconomicValue" value="30000"/>
	<property class="Action1">
		<property name="Vehicle" value="vehicleHellCar"/>
		<property name="VehicleSize" value="2.5, 2.1, 5"/>
	</property>
	<effect_group name="vehicle4x4TruckPlaceable" tiered="false">
		<passive_effect name="ModSlots" operation="base_set" value="5"/>
		<passive_effect name="ModPowerBonus" operation="base_add" value="300" tags="EconomicValue"/>
		<passive_effect name="DegradationMax" operation="base_set" value="7500"/>
	</effect_group>
</item>

<item name="vehicleMagicBusPlaceable"> <!-- Oakraven -->
	<property name="Extends" value="vehicleMinibikePlaceable"/>
	<property name="Tags" value="vehicle,vengine,vfuel,vlight,vseat,canHaveCosmetic"/>
	<property name="CustomIcon" value="vehicle4x4TruckPlaceable"/>
	<property name="CustomIconTint" value="255,0,0"/>	
	<property name="Meshfile" value="#Entities/Vehicles?jeep_Prefab.prefab"/>
	<property name="EconomicValue" value="30000"/>
	<property class="Action1">
		<property name="Vehicle" value="vehicleMagicBus"/>
		<property name="VehicleSize" value="2.5, 2.1, 5"/>
	</property>
	<effect_group name="vehicle4x4TruckPlaceable" tiered="false">
		<passive_effect name="ModSlots" operation="base_set" value="5"/>
		<passive_effect name="ModPowerBonus" operation="base_add" value="300" tags="EconomicValue"/>
		<passive_effect name="DegradationMax" operation="base_set" value="7500"/>
	</effect_group>
</item>

<!-- Flyers -->

<item name="vehicleWhirligigPlaceable"> <!-- arramus with 100% Credit to Bdubayah for MD 500 Helicopter settings from Vehicles AIO -->
	<property name="Extends" value="vehicleMinibikePlaceable"/>
	<property name="Tags" value="vehicle,vengine,vfuel,canHaveCosmetic"/>
	<property name="CustomIcon" value="vehicleGyrocopterPlaceable"/>
	<property name="CustomIconTint" value="40,180,120"/>	
	<property name="Meshfile" value="#Entities/Vehicles?gyrocopter_Prefab.prefab"/>
	<property name="EconomicValue" value="50000"/>
	<property class="Action1">
		<property name="Vehicle" value="vehicleWhirligig"/>
		<property name="VehicleSize" value="2.5, 2.5, 5.5"/>
	</property>
	<effect_group name="vehicleGyrocopterPlaceable" tiered="false">
		<passive_effect name="ModSlots" operation="base_set" value="4"/>
		<passive_effect name="ModPowerBonus" operation="base_add" value="300" tags="EconomicValue"/>
		<passive_effect name="DegradationMax" operation="base_set" value="3000"/>
	</effect_group>
</item>

<item name="vehicleSharkBlimpPlaceable"> <!-- Oakraven -->
	<property name="Extends" value="vehicleMinibikePlaceable"/>	
	<property name="Tags" value="vehicle,vengine,vfuel,vlight,vseat,canHaveCosmetic"/>
	<property name="CustomIcon" value="vehicleGyrocopterPlaceable"/>
	<property name="CustomIconTint" value="255,100,0"/>	
	<property name="Meshfile" value="#Entities/Vehicles?jeep_Prefab.prefab"/>
	<property name="EconomicValue" value="30000"/>
	<property class="Action1">
		<property name="Vehicle" value="vehicleSharkBlimp"/>
		<property name="VehicleSize" value="2.5, 2.1, 5"/>
	</property>
	<effect_group name="vehicleSharkBlimp" tiered="false">
		<passive_effect name="ModSlots" operation="base_set" value="5"/>
		<passive_effect name="ModPowerBonus" operation="base_add" value="300" tags="EconomicValue"/>
		<passive_effect name="DegradationMax" operation="base_set" value="3000"/>
	</effect_group>
</item>

<!-- Bicycle Base -->

<item name="vehicleSledPlaceable"> <!-- Snufkin -->
	<property name="Extends" value="vehicleMinibikePlaceable"/>
	<property name="Tags" value="vehicle,canHaveCosmetic"/>
	<property name="CustomIcon" value="palletEmpty"/>
	<property name="CustomIconTint" value="0,0,0"/>	
	<property name="DescriptionKey" value="vehicleSledPlaceableDesc"/>

	<property name="Meshfile" value="#Entities/Vehicles?bicycle_Prefab.prefab"/>
	<property name="EconomicValue" value="10000"/>
	<property class="Action1">
		<property name="Vehicle" value="vehicleSled"/>
	</property>
	<effect_group name="vehicleSledPlaceable" tiered="false">
		<passive_effect name="ModSlots" operation="base_set" value="2"/>
		<passive_effect name="ModPowerBonus" operation="base_add" value="300" tags="EconomicValue"/>
		<passive_effect name="DegradationMax" operation="base_set" value="1500"/>
	</effect_group>
</item>
		
</append>
</configs>